<?xml version="1.0" encoding="UTF-8"?>
<!DOCTYPE mapper PUBLIC "-//mybatis.org//DTD Mapper 3.0//EN" "http://mybatis.org/dtd/mybatis-3-mapper.dtd">
<mapper namespace="com.dr.mapper.user.UserMapper">
<!--    회원가입-->
    <insert id="insertUser" parameterType="UserDTO">
        <selectKey keyProperty="userNumber" resultType="Long" order="BEFORE">
            SELECT SEQ_USER_NUMBER.NEXTVAL FROM DUAL
        </selectKey>
        INSERT INTO DR_USER (USER_NUMBER, USER_EMAIL, USER_PW, USER_NICKNAME, USER_PHONE)
        VALUES (#{userNumber}, #{userEmail}, #{userPw}, #{userNickName}, #{userPhone})
    </insert>

<!--    이메일 중복확인-->
    <select id="checkEmailExists" parameterType="String" resultType="boolean">
        SELECT CASE WHEN COUNT(*) > 0 THEN 1 ELSE 0 END
        FROM DR_USER
        WHERE USER_EMAIL = #{userEmail}
    </select>

<!--    휴대폰 중복확인-->
    <select id="checkPhoneExists" parameterType="String" resultType="boolean">
        SELECT CASE WHEN COUNT(*) > 0 THEN 1 ELSE 0 END
        FROM DR_USER
        WHERE USER_PHONE = #{userPhone}
    </select>

<!--    로그인-->
    <select id="userLogin" resultType="UserSessionDTO">
        SELECT DU.USER_NUMBER, DU.USER_NICKNAME, DP.PHOTO_LOCAL
        FROM DR_USER DU
                 LEFT JOIN DR_PHOTO DP ON DU.USER_NUMBER = DP.USER_NUMBER
        WHERE DU.USER_EMAIL = #{userEmail}
          AND DU.USER_PW = #{userPw}
    </select>

<!--    이메일찾기-->
    <select id="userEmailFind" parameterType="String" resultType="EmailFindDTO">
        SELECT U.USER_EMAIL
        FROM DR_USER U
        WHERE U.USER_PHONE = #{userPhone}
    </select>

<!--    비밀번호 찾기-->
    <select id="userPwFind" parameterType="PwFindDTO" resultType="PwFindDTO">
        SELECT USER_PHONE
        FROM DR_USER
        WHERE USER_PHONE = #{arg1} AND USER_EMAIL = #{arg0}
    </select>

<!--    비밀번호 변경-->
    <update id="updatePassword">
        UPDATE DR_USER
        SET USER_PW = #{userPw}
        WHERE USER_PHONE = #{userPhone}
    </update>
</mapper>